month_year;monthly_electricity_consumption;effluent_outflow;resident_population
jan/99;1079;;
fev/99;1179;;
mar/99;660;;
abr/99;642;;
mai/99;621;;
jun/99;480;;
jul/99;532;;
ago/99;372;;
set/99;537;;
out/99;575;;
nov/99;656;;
dez/99;615;;
jan/00;965;;
fev/00;1066;;
mar/00;895;;
abr/00;587;;
mai/00;661;;
jun/00;513;;
jul/00;486;;
ago/00;537;;
set/00;576;;
out/00;579;;
nov/00;648;;
dez/00;656;;
jan/01;1126;;
fev/01;995;;
mar/01;1074;;
abr/01;748;;
mai/01;575;;
jun/01;506;;
jul/01;405;;
ago/01;423;;
set/01;497;;
out/01;518;;
nov/01;634;;
dez/01;526;;
jan/02;1065;;
fev/02;929;;
mar/02;558;;
abr/02;647;;
mai/02;540;;
jun/02;534;;
jul/02;524;;
ago/02;531;;
set/02;555;;
out/02;575;;
nov/02;735;;
dez/02;641;;
jan/03;1193;;
fev/03;1178;;
mar/03;867;;
abr/03;675;;
mai/03;822;;
jun/03;684.2;;
jul/03;523.3;;
ago/03;1574.8;;
set/03;1118.9;;
out/03;629.8;;
nov/03;688.8;;
dez/03;704.8;;
jan/04;293.8;;
fev/04;908.8;;
mar/04;908.5;;
abr/04;756.3;;
mai/04;604.5;;
jun/04;544.7;;
jul/04;556.7;;
ago/04;513.5;;
set/04;613.2;;
out/04;706.4;;
nov/04;752.9;;
dez/04;694.7;;
jan/05;1613.1;;
fev/05;1299.1;;
mar/05;872.6;;
abr/05;933.3;;
mai/05;723.1;;
jun/05;618.6;;
jul/05;535.7;;
ago/05;620.5;;
set/05;605.5;;
out/05;692.9;;
nov/05;721.8;;
dez/05;676.9;;
jan/06;1633.2;;
fev/06;963;;
mar/06;1058.9;;
abr/06;735.6;;
mai/06;632.4;;
jun/06;560.7;;
jul/06;713.8;;
ago/06;550.5;;
set/06;683;;
out/06;775;;
nov/06;752.1;;
dez/06;713.3;;
jan/07;1713.3;;
fev/07;1285.9;;
mar/07;779.5;;
abr/07;823.2;;
mai/07;652.3;;
jun/07;615.9;;
jul/07;625.8;;
ago/07;616;;
set/07;661.4;;
out/07;777.1;;
nov/07;891.2;;
dez/07;874.5;;
jan/08;1780.8;;
fev/08;1416.9;;
mar/08;828.6;;
abr/08;748.1;;
mai/08;705.6;;
jun/08;666.2;;
jul/08;640.1;;
ago/08;785.2;;
set/08;735.8;;
out/08;768.2;;
nov/08;758;;
dez/08;898.9;;
jan/09;1792.5;;
fev/09;1338.7;;
mar/09;1130.6;;
abr/09;1050.9;;
mai/09;740.1;;
jun/09;750.6;;
jul/09;705.2;;
ago/09;688.7;;
set/09;897.1;;
out/09;1156.1;;
nov/09;945.4;;
dez/09;1115.6;;
jan/10;1891.1;;
fev/10;1601.7;;
mar/10;1048.6;;
abr/10;1009.7;;
mai/10;925.8;;
jun/10;900.4;;
jul/10;844.5;;
ago/10;754.7;;
set/10;912.8;;
out/10;1071.2;;
nov/10;1129.9;;
dez/10;1167.9;;
jan/11;2285;;
fev/11;1283.2;;
mar/11;1423.4;;
abr/11;1056;;
mai/11;882.1;;
jun/11;882.5;;
jul/11;835.8;;
ago/11;1306.4;;
set/11;1143.3;;
out/11;970.6;;
nov/11;556.3;;
dez/11;1054.2;;
jan/12;1937.4;;
fev/12;1678.8;;
mar/12;1059.5;;
abr/12;979;;
mai/12;907.2;;
jun/12;831.3;;
jul/12;645.8;;
ago/12;829.5;;
set/12;925.4;;
out/12;1057.8;;
nov/12;1098.2;;
dez/12;1102;;
jan/13;2476.2;;
fev/13;1697.9;;
mar/13;1093.1;;
abr/13;1200.2;;
mai/13;1016.6;;
jun/13;961.7;;
jul/13;971.9;;
ago/13;965.6;;
set/13;1008.4;;
out/13;1153.1;;
nov/13;1275.3;;
dez/13;1208.6;;
jan/14;2646.8;;
fev/14;1381.5;;
mar/14;1659.7;;
abr/14;1395.8;;
mai/14;1067.4;;
jun/14;1075;;
jul/14;980.9;;
ago/14;986.5;;
set/14;1060;;
out/14;1183.8;;
nov/14;1241.2;;
dez/14;1399.9;;
jan/15;3073.4;;
fev/15;1950.1;;
mar/15;1234.9;;
abr/15;1415;;
mai/15;1254.5;;
jun/15;1071.8;;
jul/15;1083.1;;
ago/15;957.2;;
set/15;1178.6;;
out/15;1345.3;;
nov/15;1296.2;;
dez/15;1315.7;;
jan/16;2849.6;81772;
fev/16;1806;74730;
mar/16;1363.4;70341;
abr/16;1371.9;70612;
mai/16;1170.6;69759;
jun/16;1076.4;70164;
jul/16;1182.3;68840;
ago/16;1108.7;70173;
set/16;1179.9;70734;
out/16;1324.5;72338;
nov/16;1454.4;72824;
dez/16;1489.7;75580;
jan/17;3043.1;80801;
fev/17;1591.1;73144;
mar/17;2035.1;72642;
abr/17;1516.7;70753;
mai/17;1286.6;69010;
jun/17;1129.7;71094;
jul/17;1103.7;70048;
ago/17;1105.2;69620;
set/17;1268.5;71970;
out/17;1422.9;72492;
nov/17;1410.5;74350;
dez/17;1503;76618;
jan/18;3076.7;77344;
fev/18;2131.8;73536;
mar/18;1442.7;75881;
abr/18;1334.8;71351;
mai/18;1125;70883;
jun/18;1001.9;71639;
jul/18;1302.6;71499;
ago/18;1105;71026;
set/18;1335.4;72562;
out/18;1562;74910;
nov/18;1706.5;75138;
dez/18;1644;75332;
jan/19;3183.6;77818;
fev/19;1765.2;75152;
mar/19;2249.1;75134;
abr/19;1600.1;71894;
mai/19;1397.9;70882;
jun/19;1193;71113;
jul/19;1284.8;70741;
ago/19;1143.3;70594;
set/19;1195;71201;
out/19;1482.6;71978;
nov/19;1636.8;72440;
dez/19;1688.6;76264;
jan/20;3354.5;80245;
fev/20;1959.7;76901;
mar/20;2114.7;74852;
abr/20;1713.9;72236;
mai/20;1625.7;71978;
jun/20;1491.9;71832;
jul/20;1539.6;71398;
ago/20;1401.1;72387;
set/20;1714.8;73103;
out/20;1952.3;74237;
nov/20;1918.6;73144;
dez/20;2004.7;76567;
jan/21;3204.9;80304;
fev/21;2478;77149;
mar/21;1765;73272;
abr/21;1841;73308;
mai/21;1484.1;73044;
jun/21;1538.9;72987;
jul/21;1560.8;72860;
ago/21;1327.9;73002;
set/21;1731.5;73808;
out/21;2001.9;76962;
nov/21;1984;75801;
dez/21;1992.5;76601;
jan/22;3368.3;78995;
fev/22;2027.5;75401;
mar/22;2297.6;75112;
abr/22;1865;73500;
mai/22;1487.8;71950;
jun/22;1350.1;71761;
jul/22;1315.8;71849;
ago/22;1418;71640;
set/22;1547.5;72995;
out/22;1653.9;74896;
nov/22;1828.7;74638;
dez/22;1911.5;74881;
jan/23;;81571;
fev/23;;77425;
mar/23;;73645;
abr/23;;73561;
mai/23;;73248;
jun/23;;73166;
jul/23;;72125;
ago/23;;72668;
set/23;;73149;
out/23;;74239;
nov/23;;75994;
dez/23;;75607;
