site;month_year;date_start;date_end;rainfall_25_days;classification;oc;tn;CN_ratio;delta_13C;delta_15N
P1;Sep-22;14-Sep-22;22-Oct-22;45.2;dry;1.02;0.15;7.8;-17.74;6.23
P1;Oct-22;22-Oct-22;23/nov/22;62.2;dry;1.3;0.2;7.55;-17.16;3.77
P1;nov/22;23/nov/22;19-Dec-22;88.6;dry;1.05;0.16;7.77;-17.3;4.19
P1;Dec-22;19-Dec-22;23/jan/23;69;dry;2.17;0.41;6.23;-16.79;6.72
P1;jan/23;23/jan/23;17-Feb-23;111.4;wet;1.43;0.24;7.08;-17.11;5.98
P1;Feb-23;17-Feb-23;20/mar/23;61.2;dry;1.66;0.25;7.85;-16.51;4.29
P1;mar/23;20/mar/23;17-Apr-23;192.5;wet;1.56;0.22;8.05;-18.04;3.62
P1;Apr-23;17-Apr-23;22-May-23;189.4;wet;1.29;0.19;8.11;-18.06;3.79
P1;May-23;22-May-23;21/jun/23;265.3;wet;1.18;0.16;8.7;-19.39;2.94
P1;jun/23;21/jun/23;20/jul/23;346.7;wet;0.91;0.12;8.48;-21.21;2.05
P1;jul/23;20/jul/23;18-Aug-23;75.8;dry;1.34;0.19;8.44;-19.58;3.6
P1;Aug-23;18-Aug-23;19-Sep-23;125.1;wet;0.98;0.13;8.76;-19.8;2.24
P2;Sep-22;14-Sep-22;22-Oct-22;45.2;dry;1.19;0.17;8.21;-18.28;4.49
P2;Oct-22;22-Oct-22;23/nov/22;62.2;dry;1.27;0.19;7.86;-17.36;4.56
P2;nov/22;23/nov/22;19-Dec-22;88.6;dry;1.31;0.2;7.81;-17.45;3.79
P2;Dec-22;19-Dec-22;23/jan/23;69;dry;1.53;0.23;7.85;-18.07;4.45
P2;jan/23;23/jan/23;17-Feb-23;111.4;wet;1.8;0.27;7.77;-17.54;5.26
P2;Feb-23;17-Feb-23;20/mar/23;61.2;dry;1.59;0.23;8;-16.86;4.83
P2;mar/23;20/mar/23;17-Apr-23;192.5;wet;1.36;0.19;8.15;-18.04;4.15
P2;Apr-23;17-Apr-23;22-May-23;189.4;wet;1.23;0.17;8.31;-18.78;3.47
P2;May-23;22-May-23;21/jun/23;265.3;wet;1.25;0.16;9.1;-19.7;3.68
P2;jun/23;21/jun/23;20/jul/23;346.7;wet;1.19;0.14;9.59;-20.95;3.03
P2;jul/23;20/jul/23;18-Aug-23;75.8;dry;1.46;0.19;8.89;-19.89;4.7
P2;Aug-23;18-Aug-23;19-Sep-23;125.1;wet;1.32;0.17;9.23;-19.9;3.73
P3;Sep-22;14-Sep-22;22-Oct-22;45.2;dry;1.19;0.17;8.12;-18.42;4.44
P3;Oct-22;22-Oct-22;23/nov/22;62.2;dry;1.19;0.17;8.09;-18.15;4.2
P3;nov/22;23/nov/22;19-Dec-22;88.6;dry;1.38;0.2;7.87;-18.41;3.64
P3;Dec-22;19-Dec-22;23/jan/23;69;dry;1.19;0.18;7.71;-18.7;3.71
P3;jan/23;23/jan/23;17-Feb-23;111.4;wet;1.6;0.24;7.66;-17.32;4.52
P3;Feb-23;17-Feb-23;20/mar/23;61.2;dry;1.31;0.19;7.94;-17.29;4.66
P3;mar/23;20/mar/23;17-Apr-23;192.5;wet;1.29;0.19;7.86;-19.47;4.19
P3;Apr-23;17-Apr-23;22-May-23;189.4;wet;1.4;0.21;7.95;-19.25;3.35
P3;May-23;22-May-23;21/jun/23;265.3;wet;1.31;0.16;9.36;-20.36;3.53
P3;jun/23;21/jun/23;20/jul/23;346.7;wet;0.94;0.12;9.35;-20.2;3.6
P3;jul/23;20/jul/23;18-Aug-23;75.8;dry;1.01;0.14;8.58;-19.59;4.55
P3;Aug-23;18-Aug-23;19-Sep-23;125.1;wet;0.86;0.11;8.9;-19.73;3.76
