year;population;urban;forest;agriculture;water
01/07/1985;;226;22410;86765;1848
01/07/1986;;352;22212;86662;2058
01/07/1987;;356;20797;88102;2069
01/07/1988;;365;20170;88765;2031
01/07/1989;;418;19918;88916;2071
01/07/1990;;490;19828;88918;2093
01/07/1991;;539;19660;89067;2063
01/07/1992;;589;20372;88327;2009
01/07/1993;;625;20193;88516;1935
01/07/1994;;721;20023;88574;1957
01/07/1995;;759;19910;88708;1924
01/07/1996;;809;20300;88242;1955
01/07/1997;118889;875;20316;88152;1967
01/07/1998;118728;958;20339;88149;1889
01/07/1999;118570;1023;20750;87678;1893
01/07/2000;118408;1078;20967;87369;1917
01/07/2001;124777;1130;21258;87039;1918
01/07/2002;125255;1194;21354;86867;1949
01/07/2003;125743;1306;21345;86788;1919
01/07/2004;126770;1332;21408;86662;1949
01/07/2005;127338;1346;21433;86580;1981
01/07/2006;127903;1360;21587;86434;1957
01/07/2007;;1368;21391;86628;1933
01/07/2008;140356;1400;21433;86622;1871
01/07/2009;141890;1425;21458;86595;1847
01/07/2010;;1482;22202;85798;1832
01/07/2011;143445;1530;22354;85640;1802
01/07/2012;144775;1631;22648;85353;1717
01/07/2013;149702;1767;22935;85000;1694
01/07/2014;151131;1848;23107;84819;1653
01/07/2015;152514;1889;23530;84393;1631
01/07/2016;153855;1962;23812;84072;1599
01/07/2017;155143;2014;24052;83753;1605
01/07/2018;155504;2052;24202;83509;1655
01/07/2019;156745;2079;24273;83436;1628
01/07/2020;157952;2137;24448;83219;1613
01/07/2021;159150;2172;24922;82732;1599
01/07/2022;;2178;25031;82455;1788
01/07/2023;;2260;25390;82138;1637
01/07/2024;145751;;;;
01/07/2025;145823;;;;
