date;month;monthly_electricity_consumption;effluent_outflow
01/01/1999;January;1079;
01/02/1999;February;1179;
01/03/1999;March;660;
01/04/1999;April;642;
01/05/1999;May;621;
01/06/1999;June;480;
01/07/1999;July;532;
01/08/1999;August;372;
01/09/1999;September;537;
01/10/1999;October;575;
01/11/1999;November;656;
01/12/1999;December;615;
01/01/2000;January;965;
01/02/2000;February;1066;
01/03/2000;March;895;
01/04/2000;April;587;
01/05/2000;May;661;
01/06/2000;June;513;
01/07/2000;July;486;
01/08/2000;August;537;
01/09/2000;September;576;
01/10/2000;October;579;
01/11/2000;November;648;
01/12/2000;December;656;
01/01/2001;January;1126;
01/02/2001;February;995;
01/03/2001;March;1074;
01/04/2001;April;748;
01/05/2001;May;575;
01/06/2001;June;506;
01/07/2001;July;405;
01/08/2001;August;423;
01/09/2001;September;497;
01/10/2001;October;518;
01/11/2001;November;634;
01/12/2001;December;526;
01/01/2002;January;1065;
01/02/2002;February;929;
01/03/2002;March;558;
01/04/2002;April;647;
01/05/2002;May;540;
01/06/2002;June;534;
01/07/2002;July;524;
01/08/2002;August;531;
01/09/2002;September;555;
01/10/2002;October;575;
01/11/2002;November;735;
01/12/2002;December;641;
01/01/2003;January;1193;
01/02/2003;February;1178;
01/03/2003;March;867;
01/04/2003;April;675;
01/05/2003;May;822;
01/06/2003;June;684.2;
01/07/2003;July;523.3;
01/08/2003;August;1574.8;
01/09/2003;September;1118.9;
01/10/2003;October;629.8;
01/11/2003;November;688.8;
01/12/2003;December;704.8;
01/01/2004;January;293.8;
01/02/2004;February;908.8;
01/03/2004;March;908.5;
01/04/2004;April;756.3;
01/05/2004;May;604.5;
01/06/2004;June;544.7;
01/07/2004;July;556.7;
01/08/2004;August;513.5;
01/09/2004;September;613.2;
01/10/2004;October;706.4;
01/11/2004;November;752.9;
01/12/2004;December;694.7;
01/01/2005;January;1613.1;
01/02/2005;February;1299.1;
01/03/2005;March;872.6;
01/04/2005;April;933.3;
01/05/2005;May;723.1;
01/06/2005;June;618.6;
01/07/2005;July;535.7;
01/08/2005;August;620.5;
01/09/2005;September;605.5;
01/10/2005;October;692.9;
01/11/2005;November;721.8;
01/12/2005;December;676.9;
01/01/2006;January;1633.2;
01/02/2006;February;963;
01/03/2006;March;1058.9;
01/04/2006;April;735.6;
01/05/2006;May;632.4;
01/06/2006;June;560.7;
01/07/2006;July;713.8;
01/08/2006;August;550.5;
01/09/2006;September;683;
01/10/2006;October;775;
01/11/2006;November;752.1;
01/12/2006;December;713.3;
01/01/2007;January;1713.3;
01/02/2007;February;1285.9;
01/03/2007;March;779.5;
01/04/2007;April;823.2;
01/05/2007;May;652.3;
01/06/2007;June;615.9;
01/07/2007;July;625.8;
01/08/2007;August;616;
01/09/2007;September;661.4;
01/10/2007;October;777.1;
01/11/2007;November;891.2;
01/12/2007;December;874.5;
01/01/2008;January;1780.8;
01/02/2008;February;1416.9;
01/03/2008;March;828.6;
01/04/2008;April;748.1;
01/05/2008;May;705.6;
01/06/2008;June;666.2;
01/07/2008;July;640.1;
01/08/2008;August;785.2;
01/09/2008;September;735.8;
01/10/2008;October;768.2;
01/11/2008;November;758;
01/12/2008;December;898.9;
01/01/2009;January;1792.5;
01/02/2009;February;1338.7;
01/03/2009;March;1130.6;
01/04/2009;April;1050.9;
01/05/2009;May;740.1;
01/06/2009;June;750.6;
01/07/2009;July;705.2;
01/08/2009;August;688.7;
01/09/2009;September;897.1;
01/10/2009;October;1156.1;
01/11/2009;November;945.4;
01/12/2009;December;1115.6;
01/01/2010;January;1891.1;
01/02/2010;February;1601.7;
01/03/2010;March;1048.6;
01/04/2010;April;1009.7;
01/05/2010;May;925.8;
01/06/2010;June;900.4;
01/07/2010;July;844.5;
01/08/2010;August;754.7;
01/09/2010;September;912.8;
01/10/2010;October;1071.2;
01/11/2010;November;1129.9;
01/12/2010;December;1167.9;
01/01/2011;January;2285;
01/02/2011;February;1283.2;
01/03/2011;March;1423.4;
01/04/2011;April;1056;
01/05/2011;May;882.1;
01/06/2011;June;882.5;
01/07/2011;July;835.8;
01/08/2011;August;1306.4;
01/09/2011;September;1143.3;
01/10/2011;October;970.6;
01/11/2011;November;556.3;
01/12/2011;December;1054.2;
01/01/2012;January;1937.4;
01/02/2012;February;1678.8;
01/03/2012;March;1059.5;
01/04/2012;April;979;
01/05/2012;May;907.2;
01/06/2012;June;831.3;
01/07/2012;July;645.8;
01/08/2012;August;829.5;
01/09/2012;September;925.4;
01/10/2012;October;1057.8;
01/11/2012;November;1098.2;
01/12/2012;December;1102;
01/01/2013;January;2476.2;
01/02/2013;February;1697.9;
01/03/2013;March;1093.1;
01/04/2013;April;1200.2;
01/05/2013;May;1016.6;
01/06/2013;June;961.7;
01/07/2013;July;971.9;
01/08/2013;August;965.6;
01/09/2013;September;1008.4;
01/10/2013;October;1153.1;
01/11/2013;November;1275.3;
01/12/2013;December;1208.6;
01/01/2014;January;2646.8;
01/02/2014;February;1381.5;
01/03/2014;March;1659.7;
01/04/2014;April;1395.8;
01/05/2014;May;1067.4;
01/06/2014;June;1075;
01/07/2014;July;980.9;
01/08/2014;August;986.5;
01/09/2014;September;1060;
01/10/2014;October;1183.8;
01/11/2014;November;1241.2;
01/12/2014;December;1399.9;
01/01/2015;January;3073.4;
01/02/2015;February;1950.1;
01/03/2015;March;1234.9;
01/04/2015;April;1415;
01/05/2015;May;1254.5;
01/06/2015;June;1071.8;
01/07/2015;July;1083.1;
01/08/2015;August;957.2;
01/09/2015;September;1178.6;
01/10/2015;October;1345.3;
01/11/2015;November;1296.2;
01/12/2015;December;1315.7;
01/01/2016;January;2849.6;81772
01/02/2016;February;1806;74730
01/03/2016;March;1363.4;70341
01/04/2016;April;1371.9;70612
01/05/2016;May;1170.6;69759
01/06/2016;June;1076.4;70164
01/07/2016;July;1182.3;68840
01/08/2016;August;1108.7;70173
01/09/2016;September;1179.9;70734
01/10/2016;October;1324.5;72338
01/11/2016;November;1454.4;72824
01/12/2016;December;1489.7;75580
01/01/2017;January;3043.1;80801
01/02/2017;February;1591.1;73144
01/03/2017;March;2035.1;72642
01/04/2017;April;1516.7;70753
01/05/2017;May;1286.6;69010
01/06/2017;June;1129.7;71094
01/07/2017;July;1103.7;70048
01/08/2017;August;1105.2;69620
01/09/2017;September;1268.5;71970
01/10/2017;October;1422.9;72492
01/11/2017;November;1410.5;74350
01/12/2017;December;1503;76618
01/01/2018;January;3076.7;77344
01/02/2018;February;2131.8;73536
01/03/2018;March;1442.7;75881
01/04/2018;April;1334.8;71351
01/05/2018;May;1125;70883
01/06/2018;June;1001.9;71639
01/07/2018;July;1302.6;71499
01/08/2018;August;1105;71026
01/09/2018;September;1335.4;72562
01/10/2018;October;1562;74910
01/11/2018;November;1706.5;75138
01/12/2018;December;1644;75332
01/01/2019;January;3183.6;77818
01/02/2019;February;1765.2;75152
01/03/2019;March;2249.1;75134
01/04/2019;April;1600.1;71894
01/05/2019;May;1397.9;70882
01/06/2019;June;1193;71113
01/07/2019;July;1284.8;70741
01/08/2019;August;1143.3;70594
01/09/2019;September;1195;71201
01/10/2019;October;1482.6;71978
01/11/2019;November;1636.8;72440
01/12/2019;December;1688.6;76264
01/01/2020;January;3354.5;80245
01/02/2020;February;1959.7;76901
01/03/2020;March;2114.7;74852
01/04/2020;April;1713.9;72236
01/05/2020;May;1625.7;71978
01/06/2020;June;1491.9;71832
01/07/2020;July;1539.6;71398
01/08/2020;August;1401.1;72387
01/09/2020;September;1714.8;73103
01/10/2020;October;1952.3;74237
01/11/2020;November;1918.6;73144
01/12/2020;December;2004.7;76567
01/01/2021;January;3204.9;80304
01/02/2021;February;2478;77149
01/03/2021;March;1765;73272
01/04/2021;April;1841;73308
01/05/2021;May;1484.1;73044
01/06/2021;June;1538.9;72987
01/07/2021;July;1560.8;72860
01/08/2021;August;1327.9;73002
01/09/2021;September;1731.5;73808
01/10/2021;October;2001.9;76962
01/11/2021;November;1984;75801
01/12/2021;December;1992.5;76601
01/01/2022;January;3368.3;78995
01/02/2022;February;2027.5;75401
01/03/2022;March;2297.6;75112
01/04/2022;April;1865;73500
01/05/2022;May;1487.8;71950
01/06/2022;June;1350.1;71761
01/07/2022;July;1315.8;71849
01/08/2022;August;1418;71640
01/09/2022;September;1547.5;72995
01/10/2022;October;1653.9;74896
01/11/2022;November;1828.7;74638
01/12/2022;December;1911.5;74881
01/01/2023;January;;81571
01/02/2023;February;;77425
01/03/2023;March;;73645
01/04/2023;April;;73561
01/05/2023;May;;73248
01/06/2023;June;;73166
01/07/2023;July;;72125
01/08/2023;August;;72668
01/09/2023;September;;73149
01/10/2023;October;;74239
01/11/2023;November;;75994
01/12/2023;December;;75607
