date;month;monthly_rainfall;monthly_electricity_consumption;annual_electricity_consumption;effluent_outflow;resident_population;year_census_ibge
01/07/1997;July;;;;;15611;
01/07/1998;July;;;;;15732;
01/01/1999;January;39;1079;;;;
01/02/1999;February;15;1179;;;;
01/03/1999;March;153;660;;;;
01/04/1999;April;107;642;;;;
01/05/1999;May;158.5;621;;;;
01/06/1999;June;85;480;;;;
01/07/1999;July;207;532;8240;;15854;01/07/1999
01/08/1999;August;81;372;;;;
01/09/1999;September;46.5;537;;;;
01/10/1999;October;;575;;;;
01/11/1999;November;;656;;;;
01/12/1999;December;;615;;;;
01/01/2000;January;91.5;965;;;;
01/02/2000;February;0;1066;;;;
01/03/2000;March;;895;;;;
01/04/2000;April;;587;;;;
01/05/2000;May;;661;;;;
01/06/2000;June;0;513;;;;
01/07/2000;July;;486;7999;;15976;01/07/2000
01/08/2000;August;;537;;;;
01/09/2000;September;378.8;576;;;;
01/10/2000;October;59.4;579;;;;
01/11/2000;November;5.3;648;;;;
01/12/2000;December;6.8;656;;;;
01/01/2001;January;1;1126;;;;
01/02/2001;February;0;995;;;;
01/03/2001;March;238.4;1074;;;;
01/04/2001;April;88.9;748;;;;
01/05/2001;May;10.5;575;;;;
01/06/2001;June;528.2;506;;;;
01/07/2001;July;227.9;405;8027;;17341;01/07/2001
01/08/2001;August;113.2;423;;;;
01/09/2001;September;195.3;497;;;;
01/10/2001;October;49.9;518;;;;
01/11/2001;November;14.8;634;;;;
01/12/2001;December;13.4;526;;;;
01/01/2002;January;188;1065;;;;
01/02/2002;February;166.4;929;;;;
01/03/2002;March;308.4;558;;;;
01/04/2002;April;66.4;647;;;;
01/05/2002;May;170.7;540;;;;
01/06/2002;June;425.7;534;;;;
01/07/2002;July;104.1;524;7834;;17802;01/07/2002
01/08/2002;August;80.9;531;;;;
01/09/2002;September;34.2;555;;;;
01/10/2002;October;15.6;575;;;;
01/11/2002;November;21.2;735;;;;
01/12/2002;December;1;641;;;;
01/01/2003;January;5;1193;;;;
01/02/2003;February;30.5;1178;;;;
01/03/2003;March;10.8;867;;;;
01/04/2003;April;;675;;;;
01/05/2003;May;147.9;822;;;;
01/06/2003;June;290.7;684.2;;;;
01/07/2003;July;137.2;523.3;10660;;18043;01/07/2003
01/08/2003;August;;1574.8;;;;
01/09/2003;September;;1118.9;;;;
01/10/2003;October;;629.8;;;;
01/11/2003;November;;688.8;;;;
01/12/2003;December;3.6;704.8;;;;
01/01/2004;January;389;293.8;;;;
01/02/2004;February;418.1;908.8;;;;
01/03/2004;March;57.4;908.5;;;;
01/04/2004;April;220.6;756.3;;;;
01/05/2004;May;170.4;604.5;;;;
01/06/2004;June;420.4;544.7;;;;
01/07/2004;July;308.6;556.7;7854;;18550;01/07/2004
01/08/2004;August;208.1;513.5;;;;
01/09/2004;September;78;613.2;;;;
01/10/2004;October;1;706.4;;;;
01/11/2004;November;5.6;752.9;;;;
01/12/2004;December;1;694.7;;;;
01/01/2005;January;10;1613.1;;;;
01/02/2005;February;22.6;1299.1;;;;
01/03/2005;March;66.8;872.6;;;;
01/04/2005;April;69.3;933.3;;;;
01/05/2005;May;294.1;723.1;;;;
01/06/2005;June;685.8;618.6;;;;
01/07/2005;July;131.9;535.7;9913;;18831;01/07/2005
01/08/2005;August;111.4;620.5;;;;
01/09/2005;September;24.4;605.5;;;;
01/10/2005;October;28.3;692.9;;;;
01/11/2005;November;1;721.8;;;;
01/12/2005;December;121.6;676.9;;;;
01/01/2006;January;21.2;1633.2;;;;
01/02/2006;February;14.3;963;;;;
01/03/2006;March;113.1;1058.9;;;;
01/04/2006;April;150.2;735.6;;;;
01/05/2006;May;297.4;632.4;;;;
01/06/2006;June;282.1;560.7;;;;
01/07/2006;July;240.9;713.8;9772;;19110;01/07/2006
01/08/2006;August;49.6;550.5;;;;
01/09/2006;September;46.5;683;;;;
01/10/2006;October;9.2;775;;;;
01/11/2006;November;44.7;752.1;;;;
01/12/2006;December;28.9;713.3;;;;
01/01/2007;January;42.3;1713.3;;;;
01/02/2007;February;112;1285.9;;;;
01/03/2007;March;287.5;779.5;;;;
01/04/2007;April;186.7;823.2;;;;
01/05/2007;May;283.2;652.3;;;;
01/06/2007;June;336.1;615.9;;;;
01/07/2007;July;265.7;625.8;10316;;;01/07/2007
01/08/2007;August;184.8;616;;;;
01/09/2007;September;68;661.4;;;;
01/10/2007;October;17.8;777.1;;;;
01/11/2007;November;13.1;891.2;;;;
01/12/2007;December;57.2;874.5;;;;
01/01/2008;January;71.5;1780.8;;;;
01/02/2008;February;6;1416.9;;;;
01/03/2008;March;556.2;828.6;;;;
01/04/2008;April;150.6;748.1;;;;
01/05/2008;May;414.8;705.6;;;;
01/06/2008;June;203.9;666.2;;;;
01/07/2008;July;376;640.1;10732;;18854;01/07/2008
01/08/2008;August;336.9;785.2;;;;
01/09/2008;September;19.2;735.8;;;;
01/10/2008;October;34;768.2;;;;
01/11/2008;November;8.6;758;;;;
01/12/2008;December;6;898.9;;;;
01/01/2009;January;83.3;1792.5;;;;
01/02/2009;February;200.4;1338.7;;;;
01/03/2009;March;47.4;1130.6;;;;
01/04/2009;April;234;1050.9;;;;
01/05/2009;May;291.1;740.1;;;;
01/06/2009;June;357.5;750.6;;;;
01/07/2009;July;266.7;705.2;12309;;18999;01/07/2009
01/08/2009;August;238;688.7;;;;
01/09/2009;September;62.6;897.1;;;;
01/10/2009;October;22;1156.1;;;;
01/11/2009;November;17;945.4;;;;
01/12/2009;December;67.4;1115.6;;;;
01/01/2010;January;143.8;1891.1;;;;
01/02/2010;February;68;1601.7;;;;
01/03/2010;March;151;1048.6;;;;
01/04/2010;April;118;1009.7;;;;
01/05/2010;May;87.3;925.8;;;;
01/06/2010;June;627;900.4;;;;
01/07/2010;July;247.8;844.5;13258;;;01/07/2010
01/08/2010;August;221.5;754.7;;;;
01/09/2010;September;14;912.8;;;;
01/10/2010;October;24;1071.2;;;;
01/11/2010;November;1.7;1129.9;;;;
01/12/2010;December;29;1167.9;;;;
01/01/2011;January;146;2285;;;;
01/02/2011;February;70;1283.2;;;;
01/03/2011;March;88.5;1423.4;;;;
01/04/2011;April;468;1056;;;;
01/05/2011;May;657;882.1;;;;
01/06/2011;June;266;882.5;;;;
01/07/2011;July;536.8;835.8;13679;;20979;01/07/2011
01/08/2011;August;143;1306.4;;;;
01/09/2011;September;33.3;1143.3;;;;
01/10/2011;October;15.9;970.6;;;;
01/11/2011;November;66.3;556.3;;;;
01/12/2011;December;0;1054.2;;;;
01/01/2012;January;117.7;1937.4;;;;
01/02/2012;February;99.3;1678.8;;;;
01/03/2012;March;38.6;1059.5;;;;
01/04/2012;April;59.8;979;;;;
01/05/2012;May;81.9;907.2;;;;
01/06/2012;June;206.1;831.3;;;;
01/07/2012;July;275.3;645.8;13052;;21234;01/07/2012
01/08/2012;August;95;829.5;;;;
01/09/2012;September;6.1;925.4;;;;
01/10/2012;October;42.3;1057.8;;;;
01/11/2012;November;1.9;1098.2;;;;
01/12/2012;December;20.3;1102;;;;
01/01/2013;January;65.9;2476.2;;;;
01/02/2013;February;16.6;1697.9;;;;
01/03/2013;March;70.3;1093.1;;;;
01/04/2013;April;150.3;1200.2;;;;
01/05/2013;May;198.5;1016.6;;;;
01/06/2013;June;280;961.7;;;;
01/07/2013;July;418.2;971.9;15029;;22046;01/07/2013
01/08/2013;August;202.8;965.6;;;;
01/09/2013;September;110.1;1008.4;;;;
01/10/2013;October;100.4;1153.1;;;;
01/11/2013;November;86.7;1275.3;;;;
01/12/2013;December;56.8;1208.6;;;;
01/01/2014;January;30.5;2646.8;;;;
01/02/2014;February;173.5;1381.5;;;;
01/03/2014;March;115.5;1659.7;;;;
01/04/2014;April;162.4;1395.8;;;;
01/05/2014;May;352.7;1067.4;;;;
01/06/2014;June;214.3;1075;;;;
01/07/2014;July;121.2;980.9;16079;;22323;01/07/2014
01/08/2014;August;187;986.5;;;;
01/09/2014;September;252.9;1060;;;;
01/10/2014;October;212.4;1183.8;;;;
01/11/2014;November;26.5;1241.2;;;;
01/12/2014;December;27;1399.9;;;;
01/01/2015;January;15.2;3073.4;;;;
01/02/2015;February;26.5;1950.1;;;;
01/03/2015;March;254;1234.9;;;;
01/04/2015;April;1;1415;;;;
01/05/2015;May;79.1;1254.5;;;;
01/06/2015;June;417.1;1071.8;;;;
01/07/2015;July;305.5;1083.1;17176;;22591;01/07/2015
01/08/2015;August;79;957.2;;;;
01/09/2015;September;18;1178.6;;;;
01/10/2015;October;30.3;1345.3;;;;
01/11/2015;November;2.1;1296.2;;;;
01/12/2015;December;96.1;1315.7;;;;
01/01/2016;January;87.9;2849.6;;81772;;
01/02/2016;February;119.1;1806;;74730;;
01/03/2016;March;263.4;1363.4;;70341;;
01/04/2016;April;222.8;1371.9;;70612;;
01/05/2016;May;257.7;1170.6;;69759;;
01/06/2016;June;103.1;1076.4;;70164;;
01/07/2016;July;77.5;1182.3;17377;68840;22850;01/07/2016
01/08/2016;August;31.9;1108.7;;70173;;
01/09/2016;September;44.9;1179.9;;70734;;
01/10/2016;October;17.1;1324.5;;72338;;
01/11/2016;November;18.6;1454.4;;72824;;
01/12/2016;December;26.2;1489.7;;75580;;
01/01/2017;January;15.3;3043.1;;80801;;
01/02/2017;February;22.7;1591.1;;73144;;
01/03/2017;March;57.1;2035.1;;72642;;
01/04/2017;April;305.2;1516.7;;70753;;
01/05/2017;May;518.8;1286.6;;69010;;
01/06/2017;June;428.8;1129.7;;71094;;
01/07/2017;July;469.9;1103.7;18416;70048;23100;01/07/2017
01/08/2017;August;138.9;1105.2;;69620;;
01/09/2017;September;142;1268.5;;71970;;
01/10/2017;October;42;1422.9;;72492;;
01/11/2017;November;8.5;1410.5;;74350;;
01/12/2017;December;83.1;1503;;76618;;
01/01/2018;January;250.4;3076.7;;77344;;
01/02/2018;February;194.2;2131.8;;73536;;
01/03/2018;March;189;1442.7;;75881;;
01/04/2018;April;432;1334.8;;71351;;
01/05/2018;May;218.2;1125;;70883;;
01/06/2018;June;81.6;1001.9;;71639;;
01/07/2018;July;84.3;1302.6;19056;71499;23149;01/07/2018
01/08/2018;August;40;1105;;71026;;
01/09/2018;September;38.8;1335.4;;72562;;
01/10/2018;October;7.3;1562;;74910;;
01/11/2018;November;40.4;1706.5;;75138;;
01/12/2018;December;29.1;1644;;75332;;
01/01/2019;January;135;3183.6;;77818;;
01/02/2019;February;130.9;1765.2;;75152;;
01/03/2019;March;182.9;2249.1;;75134;;
01/04/2019;April;234.9;1600.1;;71894;;
01/05/2019;May;270.8;1397.9;;70882;;
01/06/2019;June;319.9;1193;;71113;;
01/07/2019;July;324.3;1284.8;19820;70741;23388;01/07/2019
01/08/2019;August;226.8;1143.3;;70594;;
01/09/2019;September;73.6;1195;;71201;;
01/10/2019;October;28.1;1482.6;;71978;;
01/11/2019;November;0.7;1636.8;;72440;;
01/12/2019;December;24.1;1688.6;;76264;;
01/01/2020;January;3.8;3354.5;;80245;;
01/02/2020;February;94.6;1959.7;;76901;;
01/03/2020;March;170.3;2114.7;;74852;;
01/04/2020;April;149.6;1713.9;;72236;;
01/05/2020;May;229.3;1625.7;;71978;;
01/06/2020;June;320.4;1491.9;;71832;;
01/07/2020;July;133.7;1539.6;22792;71398;23623;01/07/2020
01/08/2020;August;79.9;1401.1;;72387;;
01/09/2020;September;63.7;1714.8;;73103;;
01/10/2020;October;15.8;1952.3;;74237;;
01/11/2020;November;34.8;1918.6;;73144;;
01/12/2020;December;48;2004.7;;76567;;
01/01/2021;January;65.4;3204.9;;80304;;
01/02/2021;February;15.4;2478;;77149;;
01/03/2021;March;133;1765;;73272;;
01/04/2021;April;189.4;1841;;73308;;
01/05/2021;May;347.9;1484.1;;73044;;
01/06/2021;June;133.6;1538.9;;72987;;
01/07/2021;July;143.9;1560.8;22910;72860;23852;01/07/2021
01/08/2021;August;242;1327.9;;73002;;
01/09/2021;September;37.6;1731.5;;73808;;
01/10/2021;October;22.4;2001.9;;76962;;
01/11/2021;November;10.1;1984;;75801;;
01/12/2021;December;63.3;1992.5;;76601;;
01/01/2022;January;124.3;3368.3;;78995;;
01/02/2022;February;140.4;2027.5;;75401;;
01/03/2022;March;302.3;2297.6;;75112;;
01/04/2022;April;145.4;1865;;73500;;
01/05/2022;May;508.5;1487.8;;71950;;
01/06/2022;June;589.6;1350.1;;71761;;
01/07/2022;July;283.6;1315.8;22072;71849;;01/07/2022
01/08/2022;August;130.2;1418;;71640;;
01/09/2022;September;59;1547.5;;72995;;
01/10/2022;October;47.2;1653.9;;74896;;
01/11/2022;November;70.8;1828.7;;74638;;
01/12/2022;December;110.6;1911.5;;74881;;
01/01/2023;January;69.5;;;81571;;
01/02/2023;February;132.8;;;77425;;
01/03/2023;March;212.4;;;73645;;
01/04/2023;April;220.6;;;73561;;
01/05/2023;May;263.5;;;73248;;
01/06/2023;June;434.4;;;73166;;
01/07/2023;July;221.6;;24837;72125;;01/07/2023
01/08/2023;August;188.9;;;72668;;
01/09/2023;September;125.8;;;73149;;
01/10/2023;October;30.8;;;74239;;
01/11/2023;November;18.3;;;75994;;
01/12/2023;December;68.8;;;75607;;
01/01/2024;January;;;;;;
01/02/2024;February;;;;;;
01/03/2024;March;;;;;;
01/04/2024;April;;;;;;
01/05/2024;May;;;;;;
01/06/2024;June;;;;;;
01/07/2024;July;;;;;24534;01/07/2024
01/08/2024;August;;;;;;
01/09/2024;September;;;;;;
01/10/2024;October;;;;;;
01/11/2024;November;;;;;;
01/12/2024;December;;;;;;
